{"cameraMode":{"drawMode":0,"name":"Shaded","section":"Shading Mode"},"sceneLighting":true,"audioPlay":false,"sceneViewState":{"m_AlwaysRefresh":false,"showFog":true,"showSkybox":true,"showFlares":true,"showImageEffects":true,"showParticleSystems":true,"showVisualEffectGraphs":true,"m_FxEnabled":true},"in2DMode":false,"pivot":{"x":23.554841995239259,"y":30.90578842163086,"z":-48.608272552490237},"rotation":{"x":-0.1763777881860733,"y":-0.006794655229896307,"z":0.0012175453593954445,"w":-0.9842988848686218},"size":40.93791580200195,"orthographic":false}